0,657,76,28,14,23,59,86,67,66,55,54,22,20,27,24,6,24,34,49,24,12,19,19,31,29,20,40,40,33,30,9,11,6,6,15,4,10,18,11,9,9,4,8,8,6,4,10,4,2,7,7,5,6,4,4,2,2,2,7,15,22,7,24,10,15,8,13,16,7,9,4,4,9,6,4,7,9,19,27,10,9,6,6,1,2,2,0,1,990,218,18,11,4,3,2,1,2,2,11,14,9,5,5,2,2,12,19,16,4,3,1,1,3,3,2,1,9,4,2,4,12,18,7,1
657,0,198,56,28,45,96,99,74,71,80,65,17,38,34,35,20,31,46,52,35,28,28,32,33,36,35,33,45,36,41,15,14,13,6,14,8,15,14,15,16,10,7,8,17,5,5,3,6,3,3,6,3,7,3,2,2,8,1,10,18,25,12,16,15,20,12,21,16,16,9,6,5,4,7,16,8,10,14,21,16,11,16,1,4,3,4,3,0,456,34,8,2,1,5,3,1,1,2,4,3,8,1,1,2,2,2,5,4,7,0,0,4,2,2,2,1,3,0,2,0,7,6,3,1
76,198,0,208,99,94,85,42,21,14,30,25,47,21,21,27,31,30,18,10,37,21,16,14,17,8,18,13,10,7,17,37,22,27,18,21,19,17,9,19,20,14,9,9,14,15,9,9,11,14,9,7,12,12,5,7,13,10,13,14,10,7,19,11,4,9,6,3,4,7,12,7,11,13,4,9,9,18,19,11,6,18,5,15,7,4,7,4,3,26,11,3,5,0,3,3,1,0,2,6,3,2,5,3,1,1,2,4,2,2,1,0,0,5,2,2,2,2,1,2,3,4,5,5,1
28,56,208,0,396,121,78,30,17,15,22,21,30,27,23,30,18,22,21,12,24,20,8,18,11,15,22,12,14,9,19,24,21,23,13,15,13,14,16,8,23,13,12,17,14,12,11,11,16,14,18,4,16,10,3,6,13,12,9,11,6,8,11,7,9,9,8,6,7,10,8,11,24,15,18,12,7,12,11,9,3,18,7,12,10,9,2,6,3,18,6,3,2,0,1,2,3,1,0,3,3,3,4,2,0,1,4,4,8,6,2,0,1,3,2,3,1,6,2,2,4,3,1,5,1
14,28,99,396,0,277,42,16,11,10,19,17,32,27,14,31,28,19,10,7,17,10,8,12,6,2,15,7,6,11,7,18,14,17,14,13,21,12,11,18,8,12,10,8,12,22,22,7,10,15,11,10,7,12,14,8,12,8,12,9,4,7,3,4,2,3,6,2,1,8,11,12,14,12,18,7,14,11,9,7,3,12,2,17,10,7,3,6,7,6,0,3,3,2,1,2,1,1,1,1,5,2,2,3,2,8,6,4,1,3,5,3,3,6,3,2,1,2,2,4,1,3,0,2,4
23,45,94,121,277,0,168,39,14,15,37,26,45,26,16,36,34,25,13,10,23,22,13,7,6,12,24,11,10,11,12,29,23,24,11,18,17,14,7,9,14,10,11,10,8,17,6,13,15,12,6,7,12,14,11,5,11,12,10,12,3,6,13,13,10,9,6,2,4,9,9,10,17,7,9,9,12,10,10,5,11,14,6,10,6,8,3,3,3,12,1,5,4,2,1,3,2,2,5,4,3,5,5,1,1,2,2,3,1,10,2,2,1,1,1,1,3,1,2,2,2,7,0,2,2
59,96,85,78,42,168,0,218,105,90,115,95,82,65,48,56,29,53,44,44,46,35,31,31,29,21,40,28,27,29,27,22,17,21,15,23,12,12,19,19,17,18,14,24,12,5,10,12,8,6,5,7,13,5,6,9,4,6,7,9,10,20,18,21,25,10,10,16,14,23,14,16,4,7,4,9,9,10,12,25,8,14,8,7,6,4,4,5,0,33,8,2,0,1,0,2,1,0,0,3,3,7,0,4,1,1,2,4,1,2,3,2,4,2,3,4,0,1,3,1,2,3,1,1,1
86,99,42,30,16,39,218,0,363,239,149,122,29,32,55,33,12,29,66,52,36,26,32,43,32,51,35,46,48,44,45,9,9,11,12,10,5,9,9,6,7,9,11,13,12,2,6,6,5,2,4,5,8,7,5,1,3,0,2,6,13,23,15,13,31,18,15,15,20,12,6,11,3,4,2,7,4,7,13,26,17,8,18,4,0,2,1,0,2,50,10,2,1,0,3,0,1,1,2,5,4,3,3,2,1,0,5,6,4,6,2,0,1,1,1,2,3,1,2,1,1,4,4,0,3
67,74,21,17,11,14,105,363,0,356,170,100,31,41,57,33,16,34,65,60,32,33,36,27,49,44,17,52,43,55,39,9,16,7,9,12,3,11,5,9,8,11,10,12,12,5,3,3,7,8,4,7,2,10,3,3,2,1,2,9,17,22,12,15,18,20,18,18,14,10,12,5,5,3,2,2,7,4,14,18,8,5,8,6,1,1,0,2,1,30,7,2,3,0,0,0,2,0,0,4,3,2,2,0,2,2,2,3,4,2,0,2,0,0,2,1,2,1,1,2,3,3,0,1,1
66,71,14,15,10,15,90,239,356,0,237,154,27,32,44,42,7,28,42,66,40,15,26,35,39,39,30,42,56,37,55,6,4,7,11,17,4,8,7,12,11,7,9,12,17,1,7,6,5,2,5,3,3,16,2,3,5,5,5,5,18,13,14,23,11,27,18,20,23,11,6,8,3,1,6,9,5,5,7,14,12,3,9,3,4,1,2,0,1,32,9,3,0,0,1,1,0,0,0,3,3,1,1,2,0,3,5,7,5,1,1,0,1,2,1,2,1,0,2,1,1,4,1,4,1
55,80,30,22,19,37,115,149,170,237,0,394,123,69,89,64,21,46,60,57,43,29,39,34,33,35,53,46,49,44,33,19,14,13,8,11,7,13,8,6,15,13,13,17,20,9,4,9,17,6,5,7,6,11,6,4,5,12,0,8,20,21,15,16,12,10,21,24,20,20,12,8,11,6,8,4,6,12,14,23,21,7,14,4,6,3,3,2,1,36,10,1,4,0,0,1,1,0,0,4,2,2,2,0,0,1,3,4,3,2,0,2,1,0,2,2,1,1,4,1,3,2,3,4,0
54,65,25,21,17,26,95,122,100,154,394,0,164,88,110,55,28,42,64,62,40,42,32,35,32,34,40,45,37,32,28,20,7,13,11,13,9,13,14,9,7,17,17,13,11,6,5,10,7,9,4,6,5,5,2,5,3,3,4,16,17,28,15,19,18,20,19,18,14,16,6,5,7,4,6,6,5,7,14,19,10,10,13,8,3,1,2,1,1,23,10,2,4,0,3,4,2,0,1,3,6,3,6,0,1,1,4,2,4,0,2,3,2,2,0,0,2,1,1,2,2,7,0,2,1
22,17,47,30,32,45,82,29,31,27,123,164,0,288,97,117,65,77,35,27,53,33,18,15,10,12,39,19,16,15,25,19,27,22,18,16,17,22,20,26,23,22,18,12,16,30,13,13,9,9,5,8,11,25,10,6,7,7,10,12,17,11,19,11,9,10,8,7,12,14,10,12,14,10,16,17,15,10,18,7,10,12,12,12,13,12,3,3,0,6,6,4,1,0,3,2,4,2,4,2,3,2,1,4,1,2,3,2,6,2,3,1,1,2,2,2,2,3,2,2,3,5,1,1,0
20,38,21,27,27,26,65,32,41,32,69,88,288,0,236,216,60,71,60,34,41,43,26,27,21,23,36,20,17,16,29,21,23,12,14,16,11,26,19,18,18,24,12,22,26,11,9,21,9,6,8,3,11,9,11,0,5,10,4,14,18,18,18,10,15,17,11,13,11,16,17,14,9,12,12,9,15,12,16,13,14,10,8,6,5,2,1,3,3,14,3,2,3,0,1,1,2,0,1,5,1,5,6,1,0,0,2,2,3,2,1,1,5,4,1,2,2,1,3,3,1,4,1,2,0
27,34,21,23,14,16,48,55,57,44,89,110,97,236,0,470,58,86,89,55,40,26,25,29,28,31,32,35,29,28,45,18,12,13,11,20,8,8,11,22,16,26,13,9,29,10,7,15,4,9,4,7,6,10,3,5,8,8,9,18,18,19,26,15,9,16,12,16,17,15,12,11,9,8,10,12,9,8,11,10,18,10,8,4,6,3,1,0,0,14,3,2,0,2,5,1,1,0,5,6,0,3,5,5,0,2,6,3,2,3,4,1,1,1,1,0,0,1,2,2,2,4,1,0,0
24,35,27,30,31,36,56,33,33,42,64,55,117,216,470,0,137,142,65,46,53,51,26,32,30,28,42,32,19,22,26,31,21,24,20,20,19,15,17,19,19,25,22,26,19,9,12,17,13,10,3,3,9,13,8,4,12,8,9,15,15,21,26,11,14,15,15,12,12,18,15,14,7,12,9,11,8,14,16,13,13,14,16,7,7,5,1,2,1,12,5,1,2,0,0,2,2,0,3,5,6,4,1,1,2,2,3,6,8,2,1,1,2,2,2,3,2,4,3,3,2,3,0,1,3
6,20,31,18,28,34,29,12,16,7,21,28,65,60,58,137,0,241,33,16,40,21,3,15,8,12,21,12,9,5,10,33,19,23,18,19,19,15,16,13,18,11,21,15,16,20,11,6,7,15,5,11,11,13,13,5,14,10,11,24,8,3,9,10,4,4,1,8,4,11,15,15,17,10,10,11,5,12,12,6,5,10,4,9,13,7,3,2,1,3,2,4,0,2,1,4,1,5,2,2,1,2,0,2,0,0,2,4,2,1,1,1,0,0,1,3,3,1,1,1,0,2,0,2,0
24,31,30,22,19,25,53,29,34,28,46,42,77,71,86,142,241,0,212,71,90,47,29,32,27,27,49,29,25,20,48,28,27,21,23,23,16,20,25,20,28,22,19,17,25,13,17,20,14,9,8,4,5,17,12,6,10,8,11,20,14,14,16,13,10,13,12,8,8,16,15,22,8,7,6,3,9,8,16,11,14,16,8,14,4,4,2,3,3,12,6,2,3,2,3,1,1,3,1,3,6,1,3,2,1,0,2,2,6,3,2,1,1,0,2,6,1,1,2,3,1,4,1,1,2
34,46,18,21,10,13,44,66,65,42,60,64,35,60,89,65,33,212,0,296,131,50,47,58,63,70,63,54,36,46,56,11,14,16,12,26,9,14,11,13,9,20,13,17,28,3,8,4,2,4,9,3,6,4,2,1,2,6,2,11,33,32,22,12,16,21,19,17,17,17,6,7,8,5,1,7,10,7,19,26,8,6,5,5,2,4,2,0,1,19,8,4,2,1,2,0,0,0,1,3,2,2,3,4,0,1,2,9,1,4,2,0,1,1,2,2,1,1,1,1,0,3,4,0,1
49,52,10,12,7,10,44,52,60,66,57,62,27,34,55,46,16,71,296,0,290,94,100,86,77,86,84,66,58,65,59,15,9,14,9,19,7,13,8,23,10,13,11,17,17,4,7,4,3,3,8,9,8,3,1,4,3,4,2,8,24,27,17,20,25,19,22,25,24,16,10,4,1,7,6,5,4,7,10,26,15,5,9,3,0,3,2,0,0,24,4,2,1,2,2,1,2,1,0,2,3,3,2,4,0,1,2,2,6,3,3,0,0,2,1,2,2,2,2,1,3,3,3,4,0
24,35,37,24,17,23,46,36,32,40,43,40,53,41,40,53,40,90,131,290,0,247,139,111,89,85,146,52,29,39,43,39,15,23,21,33,9,18,14,21,26,14,14,12,27,14,11,11,11,10,8,6,9,14,6,3,6,12,12,20,26,12,26,28,15,11,20,9,18,28,18,11,11,11,14,5,7,13,12,15,16,14,14,5,8,3,1,6,0,15,3,4,2,1,2,2,1,4,1,1,6,4,2,5,1,1,3,0,8,1,4,0,1,0,2,1,4,4,2,2,3,4,0,1,3
12,28,21,20,10,22,35,26,33,15,29,42,33,43,26,51,21,47,50,94,247,0,364,254,140,142,175,46,36,36,48,25,20,23,13,13,15,19,19,18,22,34,26,15,24,13,5,8,9,8,9,4,7,8,5,6,9,11,9,16,21,14,21,20,20,14,11,12,22,11,12,11,13,5,8,11,10,6,17,15,14,8,7,11,8,6,3,1,1,10,5,4,2,0,2,1,1,1,2,5,5,2,7,1,0,4,2,2,3,6,1,0,1,6,0,5,3,2,2,2,1,4,3,1,3
19,28,16,8,8,13,31,32,36,26,39,32,18,26,25,26,3,29,47,100,139,364,0,262,161,162,114,57,44,40,50,19,13,14,10,18,3,10,26,18,18,14,11,20,15,3,6,13,9,5,3,4,6,10,4,1,6,0,3,17,22,18,8,13,20,17,23,9,21,23,10,9,3,4,4,8,8,10,13,17,12,8,8,4,0,2,0,0,3,13,6,5,1,0,2,5,1,0,1,5,2,1,3,2,4,2,2,3,4,2,4,2,2,2,1,3,1,1,2,2,3,3,0,5,0
19,32,14,18,12,7,31,43,27,35,34,35,15,27,29,32,15,32,58,86,111,254,262,0,315,192,146,72,37,44,47,22,7,20,12,16,11,8,7,12,12,16,17,14,13,5,2,9,4,6,2,3,4,3,4,2,5,9,3,10,23,24,10,16,18,8,25,14,22,24,8,8,6,13,4,6,4,7,13,14,4,6,9,3,3,2,1,1,0,13,5,1,0,0,0,3,1,2,1,1,0,0,1,1,0,1,2,2,2,2,0,0,2,2,1,3,2,0,0,0,0,3,2,0,0
31,33,17,11,6,6,29,32,49,39,33,32,10,21,28,30,8,27,63,77,89,140,161,315,0,311,134,71,54,34,55,10,17,15,18,16,7,11,11,16,11,13,16,19,21,8,7,7,11,4,10,7,5,7,4,5,2,5,6,12,21,25,15,18,23,23,25,18,27,23,8,7,3,5,7,4,7,7,7,18,8,5,6,2,2,4,2,1,1,10,3,0,2,0,0,1,0,3,1,2,4,2,5,0,1,2,3,3,1,5,0,1,0,0,1,0,1,4,3,3,1,1,1,0,0
29,36,8,15,2,12,21,51,44,39,35,34,12,23,31,28,12,27,70,86,85,142,162,192,311,0,254,82,82,64,67,14,17,17,12,11,8,17,11,17,16,16,11,12,17,6,3,14,6,5,3,4,5,6,1,5,4,1,3,5,16,34,22,22,19,21,20,29,25,26,5,7,4,1,5,9,2,9,12,22,18,7,7,6,1,1,4,2,0,14,9,2,3,0,0,4,1,0,2,2,0,1,0,0,2,1,2,5,4,0,1,0,0,2,0,1,0,2,1,1,1,2,4,2,0
20,35,18,22,15,24,40,35,17,30,53,40,39,36,32,42,21,49,63,84,146,175,114,146,134,254,0,185,96,87,123,64,34,28,25,32,21,21,19,19,13,15,24,16,25,20,7,14,13,10,3,2,10,10,5,7,6,9,10,16,34,36,27,22,21,21,16,14,22,21,9,18,9,7,7,9,5,20,19,22,16,13,11,12,2,3,3,3,1,12,3,0,0,0,1,0,2,2,4,4,1,3,2,1,1,1,5,2,3,2,4,2,2,2,0,1,0,2,1,2,3,1,0,2,0
40,33,13,12,7,11,28,46,52,42,46,45,19,20,35,32,12,29,54,66,52,46,57,72,71,82,185,0,278,197,188,32,20,30,26,26,4,24,16,21,17,20,11,17,36,2,5,12,10,9,2,4,9,4,0,1,2,5,4,10,33,35,20,28,36,24,31,23,32,22,10,9,7,5,6,7,6,5,22,24,22,5,10,7,2,1,0,1,1,15,1,2,1,0,0,2,1,1,0,2,5,3,1,0,2,2,1,4,1,1,2,3,0,0,2,1,1,1,0,2,3,2,3,1,0
40,45,10,14,6,10,27,48,43,56,49,37,16,17,29,19,9,25,36,58,29,36,44,37,54,82,96,278,0,316,211,30,35,29,20,26,6,21,22,17,20,17,24,16,29,6,8,9,9,5,5,6,4,7,4,3,4,9,3,11,27,43,21,29,28,27,39,28,27,24,13,11,5,2,7,4,11,8,18,27,14,7,13,5,3,7,3,1,2,11,1,1,0,1,1,2,1,0,0,2,1,2,5,1,1,0,1,3,4,1,0,1,0,2,2,1,3,0,1,1,1,3,1,2,2
33,36,7,9,11,11,29,44,55,37,44,32,15,16,28,22,5,20,46,65,39,36,40,44,34,64,87,197,316,0,311,34,23,31,15,34,13,17,23,17,17,16,16,24,36,9,7,22,8,5,2,11,6,10,5,1,5,1,6,15,24,37,26,19,25,32,23,18,34,17,15,9,8,1,5,8,2,9,16,23,24,5,13,4,2,1,1,4,4,15,3,3,2,0,0,1,2,2,1,3,3,1,1,1,1,2,3,3,3,3,1,0,1,3,1,1,0,0,0,1,2,1,0,1,1
30,41,17,19,7,12,27,45,39,55,33,28,25,29,45,26,10,48,56,59,43,48,50,47,55,67,123,188,211,311,0,105,62,59,42,32,23,31,27,33,18,25,28,37,41,10,8,13,10,6,11,6,6,7,4,4,8,6,11,18,39,36,28,29,25,25,29,23,43,28,17,12,15,6,7,16,8,22,23,27,21,11,11,6,1,6,0,0,2,20,3,4,0,1,5,2,1,0,0,3,2,3,1,3,0,2,8,6,3,4,1,0,1,2,1,1,0,2,3,1,1,2,3,4,1
9,15,37,24,18,29,22,9,9,6,19,20,19,21,18,31,33,28,11,15,39,25,19,22,10,14,64,32,30,34,105,0,353,128,71,41,69,42,27,28,53,34,26,26,18,39,25,17,14,17,15,13,13,17,21,11,24,23,20,17,15,17,24,7,12,6,8,10,13,20,19,32,17,24,19,20,15,10,11,10,4,18,4,22,9,11,7,8,3,3,6,6,4,2,0,3,3,1,2,6,2,4,1,1,0,3,3,2,2,4,2,1,0,1,4,1,4,2,1,3,3,3,2,5,2
11,14,22,21,14,23,17,9,16,4,14,7,27,23,12,21,19,27,14,9,15,20,13,7,17,17,34,20,35,23,62,353,0,484,112,85,64,50,33,43,49,30,29,24,27,35,18,22,18,18,16,20,21,24,18,14,20,20,15,22,20,9,17,13,8,7,12,7,8,15,21,23,27,20,19,18,17,10,19,8,11,16,9,10,5,9,0,6,2,6,5,1,3,3,2,3,0,2,2,0,3,2,7,7,2,3,6,0,4,2,1,1,0,1,5,0,2,3,0,2,3,6,1,2,0
6,13,27,23,17,24,21,11,7,7,13,13,22,12,13,24,23,21,16,14,23,23,14,20,15,17,28,30,29,31,59,128,484,0,261,140,86,57,38,52,33,40,23,34,35,24,27,19,17,12,19,24,20,15,16,13,20,23,20,22,18,8,22,17,10,11,16,7,14,17,15,24,20,13,18,15,13,20,15,9,6,9,6,10,17,7,9,5,5,5,5,4,1,1,4,3,0,3,2,4,5,5,3,3,2,3,2,3,7,5,3,2,1,5,3,2,1,2,2,4,1,3,0,1,2
6,6,18,13,14,11,15,12,9,11,8,11,18,14,11,20,18,23,12,9,21,13,10,12,18,12,25,26,20,15,42,71,112,261,0,325,135,63,53,44,47,36,28,33,29,28,18,26,23,22,15,21,23,14,12,9,11,11,13,28,14,9,17,9,5,11,17,13,21,18,15,14,18,11,12,16,13,16,19,9,6,17,5,13,9,7,1,2,2,5,3,2,3,0,5,3,3,2,1,1,2,2,2,3,4,4,4,1,1,6,0,2,0,1,2,3,0,1,0,4,1,2,0,4,0
15,14,21,15,13,18,23,10,12,17,11,13,16,16,20,20,19,23,26,19,33,13,18,16,16,11,32,26,26,34,32,41,85,140,325,0,225,98,73,64,41,45,27,35,40,13,24,17,23,25,20,25,17,14,14,8,6,13,22,26,31,17,27,18,25,17,16,16,17,21,12,23,10,16,9,18,13,12,15,17,16,17,8,12,6,9,8,4,2,6,3,5,2,0,0,1,4,2,2,7,1,3,4,2,1,3,6,6,4,3,3,3,0,1,2,0,0,2,5,1,0,1,4,3,2
4,8,19,13,21,17,12,5,3,4,7,9,17,11,8,19,19,16,9,7,9,15,3,11,7,8,21,4,6,13,23,69,64,86,135,225,0,321,135,111,83,52,35,40,27,46,36,35,27,27,23,14,18,17,19,19,31,27,28,21,19,9,16,16,10,10,6,8,7,16,18,13,24,13,14,15,21,19,12,4,7,18,8,22,14,9,4,2,3,0,3,3,4,1,1,1,1,2,3,0,1,5,1,1,0,2,2,6,1,5,1,3,1,3,3,0,5,2,0,4,1,2,1,3,4
10,15,17,14,12,14,12,9,11,8,13,13,22,26,8,15,15,20,14,13,18,19,10,8,11,17,21,24,21,17,31,42,50,57,63,98,321,0,364,142,67,60,36,37,46,23,26,24,33,15,10,17,20,35,11,13,10,21,13,26,19,23,39,18,20,16,15,9,11,16,20,16,20,24,17,15,17,18,15,10,8,8,9,12,7,6,5,5,3,8,3,2,2,1,2,0,0,2,0,3,3,3,5,3,1,5,2,3,0,1,2,1,2,6,2,3,0,1,3,1,4,1,0,1,1
18,14,9,16,11,7,19,9,5,7,8,14,20,19,11,17,16,25,11,8,14,19,26,7,11,11,19,16,22,23,27,27,33,38,53,73,135,364,0,329,110,99,41,42,49,14,27,23,20,12,16,20,18,15,18,15,10,21,19,25,19,15,17,28,19,15,14,17,18,25,13,11,10,13,15,27,10,13,16,12,13,11,8,8,4,8,7,5,2,4,1,1,3,0,0,3,3,3,4,4,4,5,4,1,0,0,5,6,9,1,4,1,1,2,1,1,2,3,0,3,6,0,2,1,2
11,15,19,8,18,9,19,6,9,12,6,9,26,18,22,19,13,20,13,23,21,18,18,12,16,17,19,21,17,17,33,28,43,52,44,64,111,142,329,0,349,132,70,67,53,45,30,49,33,18,21,20,19,15,19,11,25,24,18,22,21,14,22,22,22,19,15,5,11,18,22,24,17,7,13,14,17,11,19,13,7,16,16,8,10,7,7,6,7,3,5,2,2,1,3,4,2,2,1,5,2,3,2,0,0,0,2,2,5,7,1,0,2,4,5,1,4,2,0,0,2,3,2,2,1
9,16,20,23,8,14,17,7,8,11,15,7,23,18,16,19,18,28,9,10,26,22,18,12,11,16,13,17,20,17,18,53,49,33,47,41,83,67,110,349,0,334,121,76,54,84,58,40,31,38,18,20,18,27,20,16,21,32,26,20,23,15,26,22,14,16,13,12,9,16,23,18,20,20,22,10,5,15,21,12,7,15,8,20,18,3,8,5,3,2,3,2,2,0,2,4,7,1,2,4,3,4,3,4,2,5,3,2,3,4,2,3,3,1,4,1,5,3,2,5,4,4,1,3,1
9,10,14,13,12,10,18,9,11,7,13,17,22,24,26,25,11,22,20,13,14,34,14,16,13,16,15,20,17,16,25,34,30,40,36,45,52,60,99,132,334,0,392,147,124,57,50,44,29,30,21,17,15,29,13,11,19,13,18,22,27,15,42,27,11,19,25,17,19,23,23,19,16,15,10,12,17,17,15,9,7,15,13,18,10,10,4,0,5,4,1,4,2,0,0,2,3,2,4,1,1,4,4,3,1,1,1,3,5,5,2,0,2,2,5,1,1,1,2,1,4,1,1,1,1
4,7,9,12,10,11,14,11,10,9,13,17,18,12,13,22,21,19,13,11,14,26,11,17,16,11,24,11,24,16,28,26,29,23,28,27,35,36,41,70,121,392,0,365,144,64,37,46,29,21,15,14,14,15,12,12,20,18,18,22,23,17,38,15,19,22,14,20,8,19,16,15,13,14,18,13,10,23,13,17,14,7,10,10,10,8,1,6,4,1,3,2,2,0,1,6,0,1,2,5,2,5,1,2,4,3,2,4,2,3,2,3,4,1,1,0,3,2,0,1,6,3,1,1,1
8,8,9,17,8,10,24,13,12,12,17,13,12,22,9,26,15,17,17,17,12,15,20,14,19,12,16,17,16,24,37,26,24,34,33,35,40,37,42,67,76,147,365,0,424,141,47,50,33,35,11,13,15,22,19,14,17,22,13,38,26,22,27,28,26,33,26,14,26,34,21,20,17,9,13,21,22,21,17,16,12,11,17,18,10,5,3,2,2,2,3,0,1,0,2,1,1,3,4,4,5,3,2,2,2,2,3,7,3,3,1,0,0,4,3,4,1,5,3,1,2,3,0,1,1
8,17,14,14,12,8,12,12,12,17,20,11,16,26,29,19,16,25,28,17,27,24,15,13,21,17,25,36,29,36,41,18,27,35,29,40,27,46,49,53,54,124,144,424,0,208,53,53,26,29,20,22,17,18,20,6,14,16,14,36,41,46,45,46,39,33,35,19,23,25,29,20,19,16,12,12,15,7,27,20,23,14,23,5,8,7,4,3,2,10,3,0,2,3,0,0,3,4,4,2,3,5,3,5,1,3,1,6,7,4,3,1,1,4,0,1,3,4,2,3,1,3,2,2,1
6,5,15,12,22,17,5,2,5,1,9,6,30,11,10,9,20,13,3,4,14,13,3,5,8,6,20,2,6,9,10,39,35,24,28,13,46,23,14,45,84,57,64,141,208,0,246,73,41,35,25,27,28,27,16,23,34,30,24,24,12,8,14,10,7,3,8,3,5,11,14,16,19,15,18,11,9,12,8,5,1,9,3,14,15,12,4,8,4,2,0,2,0,2,1,0,5,2,6,1,2,3,0,3,3,1,1,7,1,5,5,2,2,2,4,3,2,5,4,2,2,0,1,0,2
4,5,9,11,22,6,10,6,3,7,4,5,13,9,7,12,11,17,8,7,11,5,6,2,7,3,7,5,8,7,8,25,18,27,18,24,36,26,27,30,58,50,37,47,53,246,0,404,119,64,72,34,40,33,30,32,34,25,37,34,14,11,17,10,4,6,6,6,8,10,16,11,18,18,16,18,17,19,8,5,5,8,6,12,16,17,5,5,4,2,0,5,3,0,0,1,3,2,4,5,5,5,2,2,2,1,8,3,2,1,2,0,2,2,0,1,3,4,3,2,1,1,1,0,0
10,3,9,11,7,13,12,6,3,6,9,10,13,21,15,17,6,20,4,4,11,8,13,9,7,14,14,12,9,22,13,17,22,19,26,17,35,24,23,49,40,44,46,50,53,73,404,0,277,95,58,72,36,49,27,31,21,41,34,38,18,13,26,22,14,12,11,6,13,19,19,20,18,14,21,17,17,18,17,11,8,15,11,8,11,11,7,14,2,7,2,3,2,0,3,3,0,3,1,4,3,1,3,2,2,0,1,0,5,3,6,3,5,1,4,2,0,1,1,2,1,1,2,3,1
4,6,11,16,10,15,8,5,7,5,17,7,9,9,4,13,7,14,2,3,11,9,9,4,11,6,13,10,9,8,10,14,18,17,23,23,27,33,20,33,31,29,29,33,26,41,119,277,0,203,97,60,38,43,33,17,27,36,30,29,25,13,17,5,6,3,6,8,10,19,20,13,10,15,12,25,25,16,12,5,10,6,9,6,12,6,3,6,3,2,1,2,2,2,3,4,0,4,1,5,1,5,5,6,1,3,3,4,2,2,2,1,3,2,2,4,3,2,1,3,0,3,2,2,1
2,3,14,14,15,12,6,2,8,2,6,9,9,6,9,10,15,9,4,3,10,8,5,6,4,5,10,9,5,5,6,17,18,12,22,25,27,15,12,18,38,30,21,35,29,35,64,95,203,0,548,119,75,72,33,30,47,36,31,22,22,8,13,9,16,9,9,6,6,11,20,12,14,13,23,15,15,10,15,3,4,5,6,7,17,5,11,7,4,0,2,1,3,3,5,2,3,3,3,5,2,3,3,1,1,1,0,2,2,3,1,0,3,5,3,1,4,3,4,1,0,1,0,2,2
7,3,9,18,11,6,5,4,4,5,5,4,5,8,4,3,5,8,9,8,8,9,3,2,10,3,3,2,5,2,11,15,16,19,15,20,23,10,16,21,18,21,15,11,20,25,72,58,97,548,0,279,103,79,55,47,40,50,28,21,9,6,10,7,7,6,6,5,5,11,16,9,14,20,19,15,11,6,8,2,6,16,8,15,14,10,4,6,5,0,2,2,4,0,2,3,2,0,5,4,3,1,5,1,1,2,3,3,2,1,2,1,1,4,3,1,1,6,0,2,3,3,1,0,1
7,6,7,4,10,7,7,5,7,3,7,6,8,3,7,3,11,4,3,9,6,4,4,3,7,4,2,4,6,11,6,13,20,24,21,25,14,17,20,20,20,17,14,13,22,27,34,72,60,119,279,0,333,141,74,37,49,45,32,21,18,12,14,13,7,10,4,11,6,11,16,14,12,16,14,8,15,9,9,7,5,11,3,17,8,11,15,7,3,0,2,2,3,2,2,3,2,4,4,6,3,1,5,3,1,2,2,4,2,1,1,2,1,2,1,4,2,4,2,2,2,3,1,0,1
5,3,12,16,7,12,13,8,2,3,6,5,11,11,6,9,11,5,6,8,9,7,6,4,5,5,10,9,4,6,6,13,21,20,23,17,18,20,18,19,18,15,14,15,17,28,40,36,38,75,103,333,0,587,137,77,60,39,20,24,15,11,8,9,7,11,2,7,7,3,15,9,14,10,28,8,8,10,3,6,5,10,4,7,16,7,9,10,7,6,4,4,6,1,1,2,1,3,2,1,2,4,4,3,0,4,0,2,2,3,6,1,2,4,7,4,4,1,4,1,6,1,0,1,3
6,7,12,10,12,14,5,7,10,16,11,5,25,9,10,13,13,17,4,3,14,8,10,3,7,6,10,4,7,10,7,17,24,15,14,14,17,35,15,15,27,29,15,22,18,27,33,49,43,72,79,141,587,0,304,103,51,53,18,28,18,16,13,16,11,15,10,7,8,11,11,6,14,26,13,17,22,11,7,9,5,14,13,10,17,14,8,12,6,6,0,3,4,1,3,4,2,2,2,5,5,4,6,3,3,3,3,7,5,2,1,3,4,2,2,5,1,5,2,2,5,1,1,3,1
4,3,5,3,14,11,6,5,3,2,6,2,10,11,3,8,13,12,2,1,6,5,4,4,4,1,5,0,4,5,4,21,18,16,12,14,19,11,18,19,20,13,12,19,20,16,30,27,33,33,55,74,137,304,0,370,78,61,33,28,13,9,12,9,7,4,3,4,4,8,6,7,12,16,14,17,12,13,7,2,4,13,3,14,15,13,6,7,9,2,1,3,0,0,2,2,4,2,5,2,2,3,9,2,4,6,1,2,6,4,1,4,4,5,3,2,4,0,1,1,1,3,1,1,0
4,2,7,6,8,5,9,1,3,3,4,5,6,0,5,4,5,6,1,4,3,6,1,2,5,5,7,1,3,1,4,11,14,13,9,8,19,13,15,11,16,11,12,14,6,23,32,31,17,30,47,37,77,103,370,0,223,89,28,16,10,8,5,3,9,3,0,6,4,4,6,13,17,17,16,11,6,12,8,4,5,8,3,15,17,11,12,8,3,0,0,3,7,3,3,5,3,2,3,4,4,5,3,3,5,3,4,2,2,6,2,0,2,3,4,3,4,3,1,2,2,0,2,0,1
2,2,13,13,12,11,4,3,2,5,5,3,7,5,8,12,14,10,2,3,6,9,6,5,2,4,6,2,4,5,8,24,20,20,11,6,31,10,10,25,21,19,20,17,14,34,34,21,27,47,40,49,60,51,78,223,0,374,95,37,18,9,9,5,7,2,2,7,8,2,13,12,22,20,24,28,15,15,12,6,4,14,6,20,22,12,10,12,12,0,0,3,0,4,4,2,0,1,1,1,3,5,4,1,3,5,3,5,3,3,2,1,3,4,6,5,5,1,2,2,1,4,2,2,5
2,8,10,12,8,12,6,0,1,5,12,3,7,10,8,8,10,8,6,4,12,11,0,9,5,1,9,5,9,1,6,23,20,23,11,13,27,21,21,24,32,13,18,22,16,30,25,41,36,36,50,45,39,53,61,89,374,0,232,62,25,15,18,13,9,9,9,9,5,6,14,24,27,23,14,25,18,18,9,8,6,8,8,19,17,13,11,3,6,2,3,1,7,4,2,2,7,3,3,3,3,2,5,4,0,0,3,1,2,4,1,1,5,2,4,8,1,4,1,1,3,2,0,0,1
2,1,13,9,12,10,7,2,2,5,0,4,10,4,9,9,11,11,2,2,12,9,3,3,6,3,10,4,3,6,11,20,15,20,13,22,28,13,19,18,26,18,18,13,14,24,37,34,30,31,28,32,20,18,33,28,95,232,0,199,30,16,18,15,8,9,9,7,1,8,24,24,23,19,32,25,26,22,15,4,8,21,6,13,25,13,4,14,6,2,2,3,4,0,3,0,1,3,0,0,0,2,5,0,2,1,2,4,1,2,2,1,1,1,1,1,3,3,1,0,3,1,0,1,0
7,10,14,11,9,12,9,6,9,5,8,16,12,14,18,15,24,20,11,8,20,16,17,10,12,5,16,10,11,15,18,17,22,22,28,26,21,26,25,22,20,22,22,38,36,24,34,38,29,22,21,21,24,28,28,16,37,62,199,0,213,64,77,42,34,21,18,18,19,43,44,34,29,32,18,29,28,36,30,24,27,41,19,22,13,15,10,4,2,6,0,2,2,0,1,1,2,1,1,3,3,2,2,2,2,2,1,2,5,0,0,0,1,3,2,2,0,2,1,1,4,3,2,0,0
15,18,10,6,4,3,10,13,17,18,20,17,17,18,18,15,8,14,33,24,26,21,22,23,21,16,34,33,27,24,39,15,20,18,14,31,19,19,19,21,23,27,23,26,41,12,14,18,25,22,9,18,15,18,13,10,18,25,30,213,0,374,226,88,62,61,58,60,59,54,39,30,17,19,15,18,24,18,51,39,47,21,27,17,5,6,5,1,3,6,1,4,2,1,2,0,2,1,3,4,1,1,3,4,3,2,1,4,3,3,3,2,0,1,0,2,1,1,2,0,1,1,1,3,0
22,25,7,8,7,6,20,23,22,13,21,28,11,18,19,21,3,14,32,27,12,14,18,24,25,34,36,35,43,37,36,17,9,8,9,17,9,23,15,14,15,15,17,22,46,8,11,13,13,8,6,12,11,16,9,8,9,15,16,64,374,0,304,132,87,78,80,72,77,54,30,15,11,16,7,16,15,19,37,52,36,16,30,12,7,5,2,4,1,8,5,3,0,1,2,0,1,2,1,1,6,4,1,0,6,2,1,3,5,6,1,0,0,4,1,2,0,1,3,1,1,5,2,0,1
7,12,19,11,3,13,18,15,12,14,15,15,19,18,26,26,9,16,22,17,26,21,8,10,15,22,27,20,21,26,28,24,17,22,17,27,16,39,17,22,26,42,38,27,45,14,17,26,17,13,10,14,8,13,12,5,9,18,18,77,226,304,0,222,93,77,50,64,55,89,42,26,21,22,15,21,21,37,47,39,27,19,18,14,6,4,2,4,4,10,3,2,0,1,1,3,1,0,3,6,2,3,3,1,0,6,3,2,2,2,2,2,1,0,2,3,3,3,2,0,0,2,0,1,0
24,16,11,7,4,13,21,13,15,23,16,19,11,10,15,11,10,13,12,20,28,20,13,16,18,22,22,28,29,19,29,7,13,17,9,18,16,18,28,22,22,27,15,28,46,10,10,22,5,9,7,13,9,16,9,3,5,13,15,42,88,132,222,0,349,200,162,146,145,132,43,32,24,20,16,29,23,24,43,48,43,23,37,12,10,1,0,4,2,8,0,2,1,1,4,0,0,1,2,1,1,1,3,2,2,0,0,1,2,1,1,0,1,3,4,2,0,1,0,4,2,3,0,1,1
10,15,4,9,2,10,25,31,18,11,12,18,9,15,9,14,4,10,16,25,15,20,20,18,23,19,21,36,28,25,25,12,8,10,5,25,10,20,19,22,14,11,19,26,39,7,4,14,6,16,7,7,7,11,7,9,7,9,8,34,62,87,93,349,0,318,190,169,147,115,38,38,12,12,15,23,11,17,45,41,42,16,34,14,6,6,2,1,3,1,3,2,1,0,0,1,3,3,4,3,0,1,2,2,2,0,2,0,7,4,0,2,0,0,3,1,0,2,1,1,1,4,0,0,0
15,20,9,9,3,9,10,18,20,27,10,20,10,17,16,15,4,13,21,19,11,14,17,8,23,21,21,24,27,32,25,6,7,11,11,17,10,16,15,19,16,19,22,33,33,3,6,12,3,9,6,10,11,15,4,3,2,9,9,21,61,78,77,200,318,0,302,185,158,97,44,24,17,13,10,16,17,30,32,45,35,15,25,12,3,4,5,3,2,6,4,5,2,1,0,2,1,0,0,3,3,1,2,0,1,2,1,2,4,3,2,1,2,1,0,1,2,4,0,1,0,3,0,0,1
8,12,6,8,6,6,10,15,18,18,21,19,8,11,12,15,1,12,19,22,20,11,23,25,25,20,16,31,39,23,29,8,12,16,17,16,6,15,14,15,13,25,14,26,35,8,6,11,6,9,6,4,2,10,3,0,2,9,9,18,58,80,50,162,190,302,0,293,169,122,55,24,27,13,16,24,20,23,44,50,43,15,32,13,5,3,2,3,2,4,5,1,1,1,1,1,0,1,0,2,1,1,3,0,1,0,1,0,1,2,1,0,2,3,1,1,1,0,1,2,2,1,3,0,0
13,21,3,6,2,2,16,15,18,20,24,18,7,13,16,12,8,8,17,25,9,12,9,14,18,29,14,23,28,18,23,10,7,7,13,16,8,9,17,5,12,17,20,14,19,3,6,6,8,6,5,11,7,7,4,6,7,9,7,18,60,72,64,146,169,185,293,0,268,132,56,33,27,19,15,17,23,21,37,58,41,13,22,17,4,3,6,1,1,7,4,0,1,0,2,0,1,1,2,1,1,1,2,0,0,1,2,2,0,0,2,1,1,1,0,1,0,1,1,0,2,3,1,2,1
16,16,4,7,1,4,14,20,14,23,20,14,12,11,17,12,4,8,17,24,18,22,21,22,27,25,22,32,27,34,43,13,8,14,21,17,7,11,18,11,9,19,8,26,23,5,8,13,10,6,5,6,7,8,4,4,8,5,1,19,59,77,55,145,147,158,169,268,0,292,73,42,18,28,12,28,20,20,46,83,49,16,35,13,7,8,2,1,1,8,2,1,3,1,1,0,2,0,2,2,2,5,2,3,2,0,3,2,7,0,1,0,1,2,1,2,4,1,1,2,2,3,3,0,0
7,16,7,10,8,9,23,12,10,11,20,16,14,16,15,18,11,16,17,16,28,11,23,24,23,26,21,22,24,17,28,20,15,17,18,21,16,16,25,18,16,23,19,34,25,11,10,19,19,11,11,11,3,11,8,4,2,6,8,43,54,54,89,132,115,97,122,132,292,0,226,90,46,35,27,56,42,24,64,72,46,25,26,17,6,9,4,6,3,2,2,1,2,0,1,1,2,0,4,2,5,3,3,3,1,1,3,3,2,0,2,0,2,3,0,0,1,1,1,2,1,3,3,2,1
9,9,12,8,11,9,14,6,12,6,12,6,10,17,12,15,15,15,6,10,18,12,10,8,8,5,9,10,13,15,17,19,21,15,15,12,18,20,13,22,23,23,16,21,29,14,16,19,20,20,16,16,15,11,6,6,13,14,24,44,39,30,42,43,38,44,55,56,73,226,0,378,105,49,41,49,30,54,38,24,25,49,17,26,14,9,4,8,2,1,0,1,0,1,0,3,0,0,0,1,3,1,1,0,2,1,2,1,1,3,4,0,0,3,3,0,0,3,3,4,1,2,2,2,0
4,6,7,11,12,10,16,11,5,8,8,5,12,14,11,14,15,22,7,4,11,11,9,8,7,7,18,9,11,9,12,32,23,24,14,23,13,16,11,24,18,19,15,20,20,16,11,20,13,12,9,14,9,6,7,13,12,24,24,34,30,15,26,32,38,24,24,33,42,90,378,0,230,82,66,58,53,57,41,26,29,32,27,20,8,12,7,3,7,0,1,0,2,1,0,2,2,2,2,2,3,2,4,2,0,2,2,1,4,4,1,0,0,4,1,1,2,2,1,1,1,1,1,0,1
4,5,11,24,14,17,4,3,5,3,11,7,14,9,9,7,17,8,8,1,11,13,3,6,3,4,9,7,5,8,15,17,27,20,18,10,24,20,10,17,20,16,13,17,19,19,18,18,10,14,14,12,14,14,12,17,22,27,23,29,17,11,21,24,12,17,27,27,18,46,105,230,0,249,107,81,61,40,37,16,12,29,6,31,15,15,5,12,6,2,4,2,1,1,2,1,0,1,0,1,2,2,0,4,3,1,2,1,2,4,1,1,0,3,2,5,1,3,0,4,2,1,1,0,0
9,4,13,15,12,7,7,4,3,1,6,4,10,12,8,12,10,7,5,7,11,5,4,13,5,1,7,5,2,1,6,24,20,13,11,16,13,24,13,7,20,15,14,9,16,15,18,14,15,13,20,16,10,26,16,17,20,23,19,32,19,16,22,20,12,13,13,19,28,35,49,82,249,0,309,131,51,47,32,22,22,36,17,21,19,16,9,14,10,0,0,2,3,3,3,0,5,0,1,2,3,1,1,2,4,2,4,1,3,8,1,1,4,2,7,3,3,3,0,4,1,1,0,1,0
6,7,4,18,18,9,4,2,2,6,8,6,16,12,10,9,10,6,1,6,14,8,4,4,7,5,7,6,7,5,7,19,19,18,12,9,14,17,15,13,22,10,18,13,12,18,16,21,12,23,19,14,28,13,14,16,24,14,32,18,15,7,15,16,15,10,16,15,12,27,41,66,107,309,0,323,74,54,54,14,12,32,13,37,27,15,10,11,6,1,2,3,0,0,5,1,0,2,3,2,1,1,4,0,1,1,6,4,2,2,3,2,2,2,3,2,1,2,2,3,1,0,0,3,2
4,16,9,12,7,9,9,7,2,9,4,6,17,9,12,11,11,3,7,5,5,11,8,6,4,9,9,7,4,8,16,20,18,15,16,18,15,15,27,14,10,12,13,21,12,11,18,17,25,15,15,8,8,17,17,11,28,25,25,29,18,16,21,29,23,16,24,17,28,56,49,58,81,131,323,0,242,110,54,32,41,30,32,27,18,26,14,10,5,3,1,2,2,1,2,1,1,0,5,0,3,5,2,1,1,1,3,1,1,3,1,1,1,3,0,0,0,1,4,0,0,1,2,3,1
7,8,9,7,14,12,9,4,7,5,6,5,15,15,9,8,5,9,10,4,7,10,8,4,7,2,5,6,11,2,8,15,17,13,13,13,21,17,10,17,5,17,10,22,15,9,17,17,25,15,11,15,8,22,12,6,15,18,26,28,24,15,21,23,11,17,20,23,20,42,30,53,61,51,74,242,0,266,94,44,29,47,28,40,28,26,8,6,6,1,2,4,2,3,3,0,2,0,0,0,1,1,5,2,4,0,1,3,7,4,0,1,2,2,3,1,3,3,3,2,2,2,0,0,2
9,10,18,12,11,10,10,7,4,5,12,7,10,12,8,14,12,8,7,7,13,6,10,7,7,9,20,5,8,9,22,10,10,20,16,12,19,18,13,11,15,17,23,21,7,12,19,18,16,10,6,9,10,11,13,12,15,18,22,36,18,19,37,24,17,30,23,21,20,24,54,57,40,47,54,110,266,0,215,80,68,65,50,48,28,27,19,10,7,3,4,3,1,1,3,1,1,2,2,5,5,4,4,2,0,0,3,2,0,1,5,1,2,3,2,0,1,1,1,3,3,0,1,4,1
19,14,19,11,9,10,12,13,14,7,14,14,18,16,11,16,12,16,19,10,12,17,13,13,7,12,19,22,18,16,23,11,19,15,19,15,12,15,16,19,21,15,13,17,27,8,8,17,12,15,8,9,3,7,7,8,12,9,15,30,51,37,47,43,45,32,44,37,46,64,38,41,37,32,54,54,94,215,0,330,236,84,86,44,21,13,7,5,4,8,5,2,6,2,0,2,0,0,1,3,1,0,4,1,1,2,3,5,1,2,1,0,2,2,2,3,3,5,1,2,0,2,3,1,0
27,21,11,9,7,5,25,26,18,14,23,19,7,13,10,13,6,11,26,26,15,15,17,14,18,22,22,24,27,23,27,10,8,9,9,17,4,10,12,13,12,9,17,16,20,5,5,11,5,3,2,7,6,9,2,4,6,8,4,24,39,52,39,48,41,45,50,58,83,72,24,26,16,22,14,32,44,80,330,0,413,54,96,26,11,13,11,2,0,8,4,0,1,0,2,3,1,0,0,2,3,1,4,5,0,0,3,1,4,1,2,2,1,1,0,2,0,0,2,4,1,2,4,4,0
10,16,6,3,3,11,8,17,8,12,21,10,10,14,18,13,5,14,8,15,16,14,12,4,8,18,16,22,14,24,21,4,11,6,6,16,7,8,13,7,7,7,14,12,23,1,5,8,10,4,6,5,5,5,4,5,4,6,8,27,47,36,27,43,42,35,43,41,49,46,25,29,12,22,12,41,29,68,236,413,0,96,81,25,9,11,7,5,1,11,5,4,2,0,2,0,1,1,2,2,2,1,4,0,2,0,1,6,2,5,0,1,1,1,0,1,1,1,1,1,0,4,5,2,0
9,11,18,18,12,14,14,8,5,3,7,10,12,10,10,14,10,16,6,5,14,8,8,6,5,7,13,5,7,5,11,18,16,9,17,17,18,8,11,16,15,15,7,11,14,9,8,15,6,5,16,11,10,14,13,8,14,8,21,41,21,16,19,23,16,15,15,13,16,25,49,32,29,36,32,30,47,65,84,54,96,0,136,132,41,27,14,9,13,5,3,2,1,0,4,1,0,1,3,1,4,4,1,4,0,1,2,1,1,6,0,1,2,0,1,1,4,2,3,1,2,1,1,2,1
6,16,5,7,2,6,8,18,8,9,14,13,12,8,8,16,4,8,5,9,14,7,8,9,6,7,11,10,13,13,11,4,9,6,5,8,8,9,8,16,8,13,10,17,23,3,6,11,9,6,8,3,4,13,3,3,6,8,6,19,27,30,18,37,34,25,32,22,35,26,17,27,6,17,13,32,28,50,86,96,81,136,0,123,19,17,8,8,3,5,1,1,2,1,2,0,0,2,1,2,2,2,1,2,0,3,1,2,2,3,0,0,1,1,1,1,0,2,0,1,2,2,5,3,2
6,1,15,12,17,10,7,4,6,3,4,8,12,6,4,7,9,14,5,3,5,11,4,3,2,6,12,7,5,4,6,22,10,10,13,12,22,12,8,8,20,18,10,18,5,14,12,8,6,7,15,17,7,10,14,15,20,19,13,22,17,12,14,12,14,12,13,17,13,17,26,20,31,21,37,27,40,48,44,26,25,132,123,0,213,64,28,18,8,3,1,3,2,1,5,6,0,3,1,4,1,2,4,6,1,4,0,6,3,9,1,2,0,0,1,2,1,2,5,0,2,1,0,1,1
1,4,7,10,10,6,6,0,1,4,6,3,13,5,6,7,13,4,2,0,8,8,0,3,2,1,2,2,3,2,1,9,5,17,9,6,14,7,4,10,18,10,10,10,8,15,16,11,12,17,14,8,16,17,15,17,22,17,25,13,5,7,6,10,6,3,5,4,7,6,14,8,15,19,27,18,28,28,21,11,9,41,19,213,0,146,37,28,13,0,1,2,1,0,2,2,0,1,3,3,3,1,2,4,4,4,4,4,1,5,2,1,4,6,1,6,2,4,3,1,2,1,0,2,2
2,3,4,9,7,8,4,2,1,1,3,1,12,2,3,5,7,4,4,3,3,6,2,2,4,1,3,1,7,1,6,11,9,7,7,9,9,6,8,7,3,10,8,5,7,12,17,11,6,5,10,11,7,14,13,11,12,13,13,15,6,5,4,1,6,4,3,3,8,9,9,12,15,16,15,26,26,27,13,13,11,27,17,64,146,0,146,32,18,1,1,3,6,1,1,3,2,2,5,3,4,1,2,0,2,4,2,0,2,1,1,1,5,1,1,1,1,4,1,5,2,2,0,0,1
2,4,7,2,3,3,4,1,0,2,3,2,3,1,1,1,3,2,2,2,1,3,0,1,2,4,3,0,3,1,0,7,0,9,1,8,4,5,7,7,8,4,1,3,4,4,5,7,3,11,4,15,9,8,6,12,10,11,4,10,5,2,2,0,2,5,2,6,2,4,4,7,5,9,10,14,8,19,7,11,7,14,8,28,37,146,0,94,23,1,1,0,1,0,2,2,3,0,2,2,1,2,5,1,2,1,5,2,0,2,2,0,3,2,2,1,4,2,0,2,1,1,0,0,0
0,3,4,6,6,3,5,0,2,0,2,1,3,3,0,2,2,3,0,0,6,1,0,1,1,2,3,1,1,4,0,8,6,5,2,4,2,5,5,6,5,0,6,2,3,8,5,14,6,7,6,7,10,12,7,8,12,3,14,4,1,4,4,4,1,3,3,1,1,6,8,3,12,14,11,10,6,10,5,2,5,9,8,18,28,32,94,0,130,0,1,4,0,0,4,1,2,1,1,1,4,1,1,4,3,2,3,0,0,1,2,1,1,0,2,5,1,2,0,2,4,1,1,0,2
1,0,3,3,7,3,0,2,1,1,1,1,0,3,0,1,1,3,1,0,0,1,3,0,1,0,1,1,2,4,2,3,2,5,2,2,3,3,2,7,3,5,4,2,2,4,4,2,3,4,5,3,7,6,9,3,12,6,6,2,3,1,4,2,3,2,2,1,1,3,2,7,6,10,6,5,6,7,4,0,1,13,3,8,13,18,23,130,0,1,1,1,1,0,1,1,0,0,0,1,0,0,1,2,2,0,1,0,3,0,1,1,0,1,0,1,1,0,1,0,1,0,0,0,4
990,456,26,18,6,12,33,50,30,32,36,23,6,14,14,12,3,12,19,24,15,10,13,13,10,14,12,15,11,15,20,3,6,5,5,6,0,8,4,3,2,4,1,2,10,2,2,7,2,0,0,0,6,6,2,0,0,2,2,6,6,8,10,8,1,6,4,7,8,2,1,0,2,0,1,3,1,3,8,8,11,5,5,3,0,1,1,0,1,0,80,13,3,2,2,5,2,1,6,3,10,17,1,4,0,2,9,11,8,2,6,1,0,1,1,0,0,3,1,2,6,9,14,5,1
218,34,11,6,0,1,8,10,7,9,10,10,6,3,3,5,2,6,8,4,3,5,6,5,3,9,3,1,1,3,3,6,5,5,3,3,3,3,1,5,3,1,3,3,3,0,0,2,1,2,2,2,4,0,1,0,0,3,2,0,1,5,3,0,3,4,5,4,2,2,0,1,4,0,2,1,2,4,5,4,5,3,1,1,1,1,1,1,1,80,0,115,30,8,31,11,6,8,21,25,32,43,14,11,2,12,25,37,34,14,2,7,12,5,2,2,2,8,7,8,10,23,26,13,2
18,8,3,3,3,5,2,2,2,3,1,2,4,2,2,1,4,2,4,2,4,4,5,1,0,2,0,2,1,3,4,6,1,4,2,5,3,2,1,2,2,4,2,0,0,2,5,3,2,1,2,2,4,3,3,3,3,1,3,2,4,3,2,2,2,5,1,0,1,1,1,0,2,2,3,2,4,3,2,0,4,2,1,3,2,3,0,4,1,13,115,0,141,48,60,21,26,18,16,32,37,28,28,21,22,18,29,24,32,28,12,9,5,14,10,7,6,9,14,18,25,14,10,13,3
11,2,5,2,3,4,0,1,3,0,4,4,1,3,0,2,0,3,2,1,2,2,1,0,2,3,0,1,0,2,0,4,3,1,3,2,4,2,3,2,2,2,2,1,2,0,3,2,2,3,4,3,6,4,0,7,0,7,4,2,2,0,0,1,1,2,1,1,3,2,0,2,1,3,0,2,2,1,6,1,2,1,2,2,1,6,1,0,1,3,30,141,0,233,315,57,40,38,58,47,27,27,20,26,28,26,21,15,13,24,19,7,8,11,6,7,7,10,15,18,14,12,8,14,3
4,1,0,0,2,2,1,0,0,0,0,0,0,0,2,0,2,2,1,2,1,0,0,0,0,0,0,0,1,0,1,2,3,1,0,0,1,1,0,1,0,0,0,0,3,2,0,0,2,3,0,2,1,1,0,3,4,4,0,0,1,1,1,1,0,1,1,0,1,0,1,1,1,3,0,1,3,1,2,0,0,0,1,1,0,1,0,0,0,2,8,48,233,0,156,79,19,31,26,24,14,10,18,14,11,10,10,11,6,11,25,7,9,6,10,7,4,12,7,7,7,5,3,5,3
3,5,3,1,1,1,0,3,0,1,0,3,3,1,5,0,1,3,2,2,2,2,2,0,0,0,1,0,1,0,5,0,2,4,5,0,1,2,0,3,2,0,1,2,0,1,0,3,3,5,2,2,1,3,2,3,4,2,3,1,2,2,1,4,0,0,1,2,1,1,0,0,2,3,5,2,3,3,0,2,2,4,2,5,2,1,2,4,1,2,31,60,315,156,0,117,65,47,53,38,23,20,19,34,20,21,20,9,19,13,11,7,10,8,9,12,11,18,22,20,12,7,5,9,7
2,3,3,2,2,3,2,0,0,1,1,4,2,1,1,2,4,1,0,1,2,1,5,3,1,4,0,2,2,1,2,3,3,3,3,1,1,0,3,4,4,2,6,1,0,0,1,3,4,2,3,3,2,4,2,5,2,2,0,1,0,0,3,0,1,2,1,0,0,1,3,2,1,0,1,1,0,1,2,3,0,1,0,6,2,3,2,1,1,5,11,21,57,79,117,0,203,62,34,25,8,14,16,21,19,17,9,11,8,12,20,5,7,8,8,8,8,13,11,17,7,4,5,9,7
1,1,1,3,1,2,1,1,2,0,1,2,4,2,1,2,1,1,0,2,1,1,1,1,0,1,2,1,1,2,1,3,0,0,3,4,1,0,3,2,7,3,0,1,3,5,3,0,0,3,2,2,1,2,4,3,0,7,1,2,2,1,1,0,3,1,0,1,2,2,0,2,0,5,0,1,2,1,0,1,1,0,0,0,0,2,3,2,0,2,6,26,40,19,65,203,0,154,57,28,20,19,15,14,11,13,10,10,7,10,11,10,8,10,13,9,10,8,9,15,8,7,3,5,6
2,1,0,1,1,2,0,1,0,0,0,0,2,0,0,0,5,3,0,1,4,1,0,2,3,0,2,1,0,2,0,1,2,3,2,2,2,2,3,2,1,2,1,3,4,2,2,3,4,3,0,4,3,2,2,2,1,3,3,1,1,2,0,1,3,0,1,1,0,0,0,2,1,0,2,0,0,2,0,0,1,1,2,3,1,2,0,1,0,1,8,18,38,31,47,62,154,0,159,48,20,23,30,36,13,12,4,8,9,10,15,12,4,10,17,11,11,18,5,12,14,11,0,12,4
2,2,2,0,1,5,0,2,0,0,0,1,4,1,5,3,2,1,1,0,1,2,1,1,1,2,4,0,0,1,0,2,2,2,1,2,3,0,4,1,2,4,2,4,4,6,4,1,1,3,5,4,2,2,5,3,1,3,0,1,3,1,3,2,4,0,0,2,2,4,0,2,0,1,3,5,0,2,1,0,2,3,1,1,3,5,2,1,0,6,21,16,58,26,53,34,57,159,0,204,72,58,53,53,24,20,33,16,17,27,17,8,10,15,8,9,16,15,21,16,15,11,8,18,7
11,4,6,3,1,4,3,5,4,3,4,3,2,5,6,5,2,3,3,2,1,5,5,1,2,2,4,2,2,3,3,6,0,4,1,7,0,3,4,5,4,1,5,4,2,1,5,4,5,5,4,6,1,5,2,4,1,3,0,3,4,1,6,1,3,3,2,1,2,2,1,2,1,2,2,0,0,5,3,2,2,1,2,4,3,3,2,1,1,3,25,32,47,24,38,25,28,48,204,0,298,104,87,43,34,38,42,37,34,30,19,6,11,6,11,9,12,19,16,19,28,31,9,20,7
14,3,3,3,5,3,3,4,3,3,2,6,3,1,0,6,1,6,2,3,6,5,2,0,4,0,1,5,1,3,2,2,3,5,2,1,1,3,4,2,3,1,2,5,3,2,5,3,1,2,3,3,2,5,2,4,3,3,0,3,1,6,2,1,0,3,1,1,2,5,3,3,2,3,1,3,1,5,1,3,2,4,2,1,3,4,1,4,0,10,32,37,27,14,23,8,20,20,72,298,0,297,146,44,38,31,70,48,53,33,14,4,1,7,7,6,9,23,18,14,23,29,17,20,3
9,8,2,3,2,5,7,3,2,1,2,3,2,5,3,4,2,1,2,3,4,2,1,0,2,1,3,3,2,1,3,4,2,5,2,3,5,3,5,3,4,4,5,3,5,3,5,1,5,3,1,1,4,4,3,5,5,2,2,2,1,4,3,1,1,1,1,1,5,3,1,2,2,1,1,5,1,4,0,1,1,4,2,2,1,1,2,1,0,17,43,28,27,10,20,14,19,23,58,104,297,0,286,52,17,30,57,54,54,29,11,3,6,9,4,8,6,12,12,12,19,42,38,25,6
5,1,5,4,2,5,0,3,2,1,2,6,1,6,5,1,0,3,3,2,2,7,3,1,5,0,2,1,5,1,1,1,7,3,2,4,1,5,4,2,3,4,1,2,3,0,2,3,5,3,5,5,4,6,9,3,4,5,5,2,3,1,3,3,2,2,3,2,2,3,1,4,0,1,4,2,5,4,4,4,4,1,1,4,2,2,5,1,1,1,14,28,20,18,19,16,15,30,53,87,146,286,0,162,45,61,62,45,28,46,18,10,8,11,17,11,16,18,12,24,21,18,16,18,10
5,1,3,2,3,1,4,2,0,2,0,0,4,1,5,1,2,2,4,4,5,1,2,1,0,0,1,0,1,1,3,1,7,3,3,2,1,3,1,0,4,3,2,2,5,3,2,2,6,1,1,3,3,3,2,3,1,4,0,2,4,0,1,2,2,0,0,0,3,3,0,2,4,2,0,1,2,2,1,5,0,4,2,6,4,0,1,4,2,4,11,21,26,14,34,21,14,36,53,43,44,52,162,0,212,121,48,37,25,51,28,19,16,18,12,18,14,26,25,27,11,17,11,5,11
2,2,1,0,2,1,1,1,2,0,0,1,1,0,0,2,0,1,0,0,1,0,4,0,1,2,1,2,1,1,0,0,2,2,4,1,0,1,0,0,2,1,4,2,1,3,2,2,1,1,1,1,0,3,4,5,3,0,2,2,3,6,0,2,2,1,1,0,2,1,2,0,3,4,1,1,4,0,1,0,2,0,0,1,4,2,2,3,2,0,2,22,28,11,20,19,11,13,24,34,38,17,45,212,0,185,49,29,22,58,21,16,11,14,5,9,12,15,25,19,18,7,7,14,10
2,2,1,1,8,2,1,0,2,3,1,1,2,0,2,2,0,0,1,1,1,4,2,1,2,1,1,2,0,2,2,3,3,3,4,3,2,5,0,0,5,1,3,2,3,1,1,0,3,1,2,2,4,3,6,3,5,0,1,2,2,2,6,0,0,2,0,1,0,1,1,2,1,2,1,1,0,0,2,0,0,1,3,4,4,4,1,2,0,2,12,18,26,10,21,17,13,12,20,38,31,30,61,121,185,0,236,57,52,62,36,15,15,12,17,12,14,24,19,17,31,19,5,18,6
12,2,2,4,6,2,2,5,2,5,3,4,3,2,6,3,2,2,2,2,3,2,2,2,3,2,5,1,1,3,8,3,6,2,4,6,2,2,5,2,3,1,2,3,1,1,8,1,3,0,3,2,0,3,1,4,3,3,2,1,1,1,3,0,2,1,1,2,3,3,2,2,2,4,6,3,1,3,3,3,1,2,1,0,4,2,5,3,1,9,25,29,21,10,20,9,10,4,33,42,70,57,62,48,49,236,0,298,168,92,31,8,15,17,13,8,6,23,25,13,32,27,28,26,8
19,5,4,4,4,3,4,6,3,7,4,2,2,2,3,6,4,2,9,2,0,2,3,2,3,5,2,4,3,3,6,2,0,3,1,6,6,3,6,2,2,3,4,7,6,7,3,0,4,2,3,4,2,7,2,2,5,1,4,2,4,3,2,1,0,2,0,2,2,3,1,1,1,1,4,1,3,2,5,1,6,1,2,6,4,0,2,0,0,11,37,24,15,11,9,11,10,8,16,37,48,54,45,37,29,57,298,0,367,105,26,6,10,14,9,10,10,29,16,20,29,52,35,25,3
16,4,2,8,1,1,1,4,4,5,3,4,6,3,2,8,2,6,1,6,8,3,4,2,1,4,3,1,4,3,3,2,4,7,1,4,1,0,9,5,3,5,2,3,7,1,2,5,2,2,2,2,2,5,6,2,3,2,1,5,3,5,2,2,7,4,1,0,7,2,1,4,2,3,2,1,7,0,1,4,2,1,2,3,1,2,0,0,3,8,34,32,13,6,19,8,7,9,17,34,53,54,28,25,22,52,168,367,0,209,46,17,8,30,9,13,8,26,21,17,22,45,38,26,5
4,7,2,6,3,10,2,6,2,1,2,0,2,2,3,2,1,3,4,3,1,6,2,2,5,0,2,1,1,3,4,4,2,5,6,3,5,1,1,7,4,5,3,3,4,5,1,3,2,3,1,1,3,2,4,6,3,4,2,0,3,6,2,1,4,3,2,0,0,0,3,4,4,8,2,3,4,1,2,1,5,6,3,9,5,1,2,1,0,2,14,28,24,11,13,12,10,10,27,30,33,29,46,51,58,62,92,105,209,0,213,45,29,29,23,16,28,45,19,38,33,23,16,23,10
3,0,1,2,5,2,3,2,0,1,0,2,3,1,4,1,1,2,2,3,4,1,4,0,0,1,4,2,0,1,1,2,1,3,0,3,1,2,4,1,2,2,2,1,3,5,2,6,2,1,2,1,6,1,1,2,2,1,2,0,3,1,2,1,0,2,1,2,1,2,4,1,1,1,3,1,0,5,1,2,0,0,0,1,2,1,2,2,1,6,2,12,19,25,11,20,11,15,17,19,14,11,18,28,21,36,31,26,46,213,0,130,32,45,28,33,24,34,21,19,22,12,9,10,9
1,0,0,0,3,2,2,0,2,0,2,3,1,1,1,1,1,1,0,0,0,0,2,0,1,0,2,3,1,0,0,1,1,2,2,3,3,1,1,0,3,0,3,0,1,2,0,3,1,0,1,2,1,3,4,0,1,1,1,0,2,0,2,0,2,1,0,1,0,0,0,0,1,1,2,1,1,1,0,2,1,1,0,2,1,1,0,1,1,1,7,9,7,7,7,5,10,12,8,6,4,3,10,19,16,15,8,6,17,45,130,0,202,52,48,37,28,18,13,16,7,1,3,5,7
1,4,0,1,3,1,4,1,0,1,1,2,1,5,1,2,0,1,1,0,1,1,2,2,0,0,2,0,0,1,1,0,0,1,0,0,1,2,1,2,3,2,4,0,1,2,2,5,3,3,1,1,2,4,4,2,3,5,1,1,0,0,1,1,0,2,2,1,1,2,0,0,0,4,2,1,2,2,2,1,1,2,1,0,4,5,3,1,0,0,12,5,8,9,10,7,8,4,10,11,1,6,8,16,11,15,15,10,8,29,32,202,0,189,74,49,29,23,11,6,9,5,1,2,7
3,2,5,3,6,1,2,1,0,2,0,2,2,4,1,2,0,0,1,2,0,6,2,2,0,2,2,0,2,3,2,1,1,5,1,1,3,6,2,4,1,2,1,4,4,2,2,1,2,5,4,2,4,2,5,3,4,2,1,3,1,4,0,3,0,1,3,1,2,3,3,4,3,2,2,3,2,3,2,1,1,0,1,0,6,1,2,0,1,1,5,14,11,6,8,8,10,10,15,6,7,9,11,18,14,12,17,14,30,29,45,52,189,0,300,63,29,22,33,19,20,5,2,11,3
3,2,2,2,3,1,3,1,2,1,2,0,2,1,1,2,1,2,2,1,2,0,1,1,1,0,0,2,2,1,1,4,5,3,2,2,3,2,1,5,4,5,1,3,0,4,0,4,2,3,3,1,7,2,3,4,6,4,1,2,0,1,2,4,3,0,1,0,1,0,3,1,2,7,3,0,3,2,2,0,0,1,1,1,1,1,2,2,0,1,2,10,6,10,9,8,13,17,8,11,7,4,17,12,5,17,13,9,9,23,28,48,74,300,0,157,56,30,18,20,5,12,3,5,9
2,2,2,3,2,1,4,2,1,2,2,0,2,2,0,3,3,6,2,2,1,5,3,3,0,1,1,1,1,1,1,1,0,2,3,0,0,3,1,1,1,1,0,4,1,3,1,2,4,1,1,4,4,5,2,3,5,8,1,2,2,2,3,2,1,1,1,1,2,0,0,1,5,3,2,0,1,0,3,2,1,1,1,2,6,1,1,5,1,0,2,7,7,7,12,8,9,11,9,9,6,8,11,18,9,12,8,10,13,16,33,37,49,63,157,0,253,29,19,20,16,2,1,3,7
1,1,2,1,1,3,0,3,2,1,1,2,2,2,0,2,3,1,1,2,4,3,1,2,1,0,0,1,3,0,0,4,2,1,0,0,5,0,2,4,5,1,3,1,3,2,3,0,3,4,1,2,4,1,4,4,5,1,3,0,1,0,3,0,0,2,1,0,4,1,0,2,1,3,1,0,3,1,3,0,1,4,0,1,2,1,4,1,1,0,2,6,7,4,11,8,10,11,16,12,9,6,16,14,12,14,6,10,8,28,24,28,29,29,56,253,0,164,53,35,18,10,5,10,12
9,3,2,6,2,1,1,1,1,0,1,1,3,1,1,4,1,1,1,2,4,2,1,0,4,2,2,1,0,0,2,2,3,2,1,2,2,1,3,2,3,1,2,5,4,5,4,1,2,3,6,4,1,5,0,3,1,4,3,2,1,1,3,1,2,4,0,1,1,1,3,2,3,3,2,1,3,1,5,0,1,2,2,2,4,4,2,2,0,3,8,9,10,12,18,13,8,18,15,19,23,12,18,26,15,24,23,29,26,45,34,18,23,22,30,29,164,0,217,73,33,20,12,20,13
4,0,1,2,2,2,3,2,1,2,4,1,2,3,2,3,1,2,1,2,2,2,2,0,3,1,1,0,1,0,3,1,0,2,0,5,0,3,0,0,2,2,0,3,2,4,3,1,1,4,0,2,4,2,1,1,2,1,1,1,2,3,2,0,1,0,1,1,1,1,3,1,0,0,2,4,3,1,1,2,1,3,0,5,3,1,0,0,1,1,7,14,15,7,22,11,9,5,21,16,18,12,12,25,25,19,25,16,21,19,21,13,11,33,18,19,53,217,0,164,50,24,11,25,6
2,2,2,2,4,2,1,1,2,1,1,2,2,3,2,3,1,3,1,1,2,2,2,0,3,1,2,2,1,1,1,3,2,4,4,1,4,1,3,0,5,1,1,1,3,2,2,2,3,1,2,2,1,2,1,2,2,1,0,1,0,1,0,4,1,1,2,0,2,2,4,1,4,4,3,0,2,3,2,4,1,1,1,0,1,5,2,2,0,2,8,18,18,7,20,17,15,12,16,19,14,12,24,27,19,17,13,20,17,38,19,16,6,19,20,20,35,73,164,0,111,35,22,32,10
4,0,3,4,1,2,2,1,3,1,3,2,3,1,2,2,0,1,0,3,3,1,3,0,1,1,3,3,1,2,1,3,3,1,1,0,1,4,6,2,4,4,6,2,1,2,1,1,0,0,3,2,6,5,1,2,1,3,3,4,1,1,0,2,1,0,2,2,2,1,1,1,2,1,1,0,2,3,0,1,0,2,2,2,2,2,1,4,1,6,10,25,14,7,12,7,8,14,15,28,23,19,21,11,18,31,32,29,22,33,22,7,9,20,5,16,18,33,50,111,0,144,61,69,14
12,7,4,3,3,7,3,4,3,4,2,7,5,4,4,3,2,4,3,3,4,4,3,3,1,2,1,2,3,1,2,3,6,3,2,1,2,1,0,3,4,1,3,3,3,0,1,1,3,1,3,3,1,1,3,0,4,2,1,3,1,5,2,3,4,3,1,3,3,3,2,1,1,1,0,1,2,0,2,2,4,1,2,1,1,2,1,1,0,9,23,14,12,5,7,4,7,11,11,31,29,42,18,17,7,19,27,52,45,23,12,1,5,5,12,2,10,20,24,35,144,0,284,97,10
18,6,5,1,0,0,1,4,0,1,3,0,1,1,1,0,0,1,4,3,0,3,0,2,1,4,0,3,1,0,3,2,1,0,0,4,1,0,2,2,1,1,1,0,2,1,1,2,2,0,1,1,0,1,1,2,2,0,0,2,1,2,0,0,0,0,3,1,3,3,2,1,1,0,0,2,0,1,3,4,5,1,5,0,0,0,0,1,0,14,26,10,8,3,5,5,3,0,8,9,17,38,16,11,7,5,28,35,38,16,9,3,1,2,3,1,5,12,11,22,61,284,0,98,5
7,3,5,5,2,2,1,0,1,4,4,2,1,2,0,1,2,1,0,4,1,1,5,0,0,2,2,1,2,1,4,5,2,1,4,3,3,1,1,2,3,1,1,1,2,0,0,3,2,2,0,0,1,3,1,0,2,0,1,0,3,0,1,1,0,0,0,2,0,2,2,0,0,1,3,3,0,4,1,4,2,2,3,1,2,0,0,0,0,5,13,13,14,5,9,9,5,12,18,20,20,25,18,5,14,18,26,25,26,23,10,5,2,11,5,3,10,20,25,32,69,97,98,0,88
1,1,1,1,4,2,1,3,1,1,0,1,0,0,0,3,0,2,1,0,3,3,0,0,0,0,0,0,2,1,1,2,0,2,0,2,4,1,2,1,1,1,1,1,1,2,0,1,1,2,1,1,3,1,0,1,5,1,0,0,0,1,0,1,0,1,0,1,0,1,0,1,0,0,2,1,2,1,0,0,0,1,2,1,2,1,0,2,4,1,2,3,3,3,7,7,6,4,7,7,3,6,10,11,10,6,8,3,5,10,9,7,7,3,9,7,12,13,6,10,14,10,5,88,0
